,id,repo_name,owner_name,is_private,project_url,Description,is_forked,api_url,created_at,updated_at,pushed_at,homepage_url,size_in_kb,stargazers_count,watchers_count,language,forks_count,open_issues_count,master_branch,default_branch,Topics,license,model_files,num_model_file,version_sha,updated-created,desc_word_count,numeric_cluster
0,789683,ECAN_dspic,Susurrus,0,https://github.com/Susurrus/ECAN_dspic,An ECAN library for the dsPIC33f in both C and Simulink,0,https://api.github.com/repos/Susurrus/ECAN_dspic,2010-07-21 21:39:55.000000,2017-04-14 04:08:40.000000,2012-11-05 20:00:53.000000,,,0,0,C,7,1,,master,,"BSD 2-Clause ""Simplified"" License","ECAN_dspic-master/ecan_dspic.mdl,ECAN_dspic-master/Examples/Simulink echo/Main.mdl,ECAN_dspic-master/Examples/MultiReceive/MultiReceive.mdl,",3,0051e8902eaf3ba07811c8c1753120d894772937,2459,11,1
1,919495,truetime,sfischme,0,https://github.com/sfischme/truetime,TrueTime is a Matlab/Simulink-based simulator for real-time control systems.,0,https://api.github.com/repos/sfischme/truetime,2010-09-17 21:41:34.000000,2019-02-27 09:29:27.000000,2011-01-05 04:39:50.000000,http://www.control.lth.se/truetime/,,4,4,C++,18,1,,master,,GNU General Public License v3.0,"truetime-master/kernel/ttNCM_Wrapper.mdl,truetime-master/kernel/truetime.mdl,truetime-master/kernel/NCM.mdl,truetime-master/examples/wireless/wireless.mdl,truetime-master/examples/threeservos/matlab/threeservos.mdl,truetime-master/examples/threeservos/c++/threeservos.mdl,truetime-master/examples/soccer/soccer.mdl,truetime-master/examples/simple/matlab/simple.mdl,truetime-master/examples/simple/c++/simple.mdl,truetime-master/examples/servo/matlab/servo.mdl,truetime-master/examples/servo/matlab/controller.mdl,truetime-master/examples/servo/c++/servo.mdl,truetime-master/examples/servo/c++/controller.mdl,truetime-master/examples/networked/standalone/networked.mdl,truetime-master/examples/networked/matlab/networked.mdl,truetime-master/examples/networked/c++/networked.mdl,truetime-master/examples/RUNES_demo/RUNES_demo.mdl,truetime-master/examples/NCM/ncmexample.mdl,truetime-master/examples/NCM/ncm_wireless/wireless.mdl,truetime-master/examples/NCM/VideoModel/motion_detection.mdl,truetime-master/examples/NCM/VideoModel/SaveToWorkspace.mdl,truetime-master/examples/AODV/AODV.mdl,",22,d1a288960def71acdf2e8a21ae47aa6d69336fab,3085,9,1
2,4608325,launchpad_ert,kyak,0,https://github.com/kyak/launchpad_ert,Simulink (Embedded Coder) Target for TI LaunchPad,0,https://api.github.com/repos/kyak/launchpad_ert,2012-06-09 15:47:56.000000,2019-10-15 12:09:18.000000,2014-05-20 09:25:11.000000,,,7,7,Matlab,5,0,,master,,Other,"launchpad_ert-master/demos/tilp_pil_system.mdl,launchpad_ert-master/demos/tilp_pil_fxp.slx,launchpad_ert-master/demos/tilp_pil.mdl,launchpad_ert-master/demos/tilp_fxp.slx,launchpad_ert-master/demos/test_multirate_system.slx,launchpad_ert-master/demos/test_multirate.slx,launchpad_ert-master/demos/launchpad_R2013b.slx,launchpad_ert-master/demos/launchpad_R2012b.slx,launchpad_ert-master/demos/launchpad_R2012a.mdl,launchpad_ert-master/demos/launchpad.slx,launchpad_ert-master/blocks/launchpad_lib.mdl,",11,4b004e42d8736ca807530ae3f3132196477a5181,2684,7,1
4,5480060,simulink-rtl-sdr,kit-cel,0,https://github.com/kit-cel/simulink-rtl-sdr,An Open Source Software Package that enables owners of DVB-T dongles with an embedded Realtek RTL2832U chipset to build models in Simulink that interface with the device in realtime,0,https://api.github.com/repos/kit-cel/simulink-rtl-sdr,2012-08-20 10:54:52.000000,2019-04-01 13:00:02.000000,2014-01-22 07:57:36.000000,http://www.cel.kit.edu/simulink_rtl_sdr.php,,27,27,C++,17,1,,master,,GNU General Public License v3.0,"simulink-rtl-sdr-master/demo/rtlsdr_spectrum_scope_demo.mdl,simulink-rtl-sdr-master/blockset/rtlsdr.mdl,",2,3fefdd32f0f57a1c6de3d00ad999941593447bae,2415,29,1
5,5791243,simulink-uhd,kit-cel,0,https://github.com/kit-cel/simulink-uhd,A Simulink blockset that enables owners of UHD-compatible Universal Software Radio Peripherals (USRP) from Ettus Research to build models in MATLAB Simulink that interface with the device in real-time.,0,https://api.github.com/repos/kit-cel/simulink-uhd,2012-09-13 07:21:35.000000,2018-02-01 19:53:00.000000,2013-02-14 10:50:00.000000,http://www.cel.kit.edu/simulink_uhd.php,,3,3,C++,4,0,,master,,GNU General Public License v3.0,"simulink-uhd-master/demo/simulink_uhd_spectrum_scope_demo.mdl,simulink-uhd-master/blockset/simulink_uhd.mdl,",2,fdc299a711439ace545ea5c9d42d0dcf7f603fcf,1967,29,1
6,7114722,aria-matlab,reed-adept,0,https://github.com/reed-adept/aria-matlab,OUTDATED Matlab and Simulink Interfaces for ARIA -- most up to date code can now be found with the ARIA library package -- see website,0,https://api.github.com/repos/reed-adept/aria-matlab,2012-12-11 16:06:11.000000,2016-08-05 18:53:32.000000,2013-10-01 19:16:14.000000,http://robots.mobilerobots.com/wiki/ARIA,,4,4,Matlab,7,10,,master,,Other,"aria-matlab-master/simulink-demo/Sensor_Lib.slx,aria-matlab-master/simulink-demo/Pioneer_3Dx.slx,aria-matlab-master/simulink-demo/Motor_Lib.slx,aria-matlab-master/simulink-demo/IO_Lib.slx,aria-matlab-master/examples/Simple_wanderer_local.slx,aria-matlab-master/examples/Simple_wanderer_external.slx,aria-matlab-master/examples/Simple_wanderer.slx,aria-matlab-master/ariac-simulink-library/ariac.slx,",8,12bc82e2f5ecc7463510e304a979533ab91966cd,1333,25,1
7,7269901,stellaris_ert,kyak,0,https://github.com/kyak/stellaris_ert,Simulink (Embedded Coder) Target for TI Stellaris LaunchPad,0,https://api.github.com/repos/kyak/stellaris_ert,2012-12-21 06:49:45.000000,2019-12-23 00:43:25.000000,2019-03-20 11:27:41.000000,,,10,10,C,10,0,,master,,Other,"stellaris_ert-master/demos/stellaris_test_uart_nb.slx,stellaris_ert-master/demos/stellaris_test_uart.slx,stellaris_ert-master/demos/stellaris_test_tempsensor.slx,stellaris_ert-master/demos/stellaris_test_pilcov.slx,stellaris_ert-master/demos/stellaris_test_pil_profile.slx,stellaris_ert-master/demos/stellaris_test_pil.slx,stellaris_ert-master/demos/stellaris_test_gpio_xpc.slx,stellaris_ert-master/demos/stellaris_test_gpio.slx,stellaris_ert-master/demos/stellaris_test_buttons.slx,stellaris_ert-master/demos/stellaris_test_blink.slx,stellaris_ert-master/demos/stellaris_test_adc_xpc.slx,stellaris_ert-master/demos/stellaris_test_adc.slx,stellaris_ert-master/demos/stellaris_pil_topmodel.slx,stellaris_ert-master/demos/stellaris_pil_mdlref_mr.slx,stellaris_ert-master/demos/stellaris_pil_mdlref.slx,stellaris_ert-master/demos/stellaris_fft_system.slx,stellaris_ert-master/demos/stellaris_fft.slx,stellaris_ert-master/demos/lp_pmsmfoc_system.slx,stellaris_ert-master/demos/lp_pmsmfoc.slx,stellaris_ert-master/blocks/stellaris_lib.slx,",20,65ba23321655d3f07ee5aa2032bc9db175b2b100,2558,8,1
8,10687821,microdaq_ert,kyak,0,https://github.com/kyak/microdaq_ert,Simulink (Embedded Coder) Target for MicroDAQ Real-Time Measurement System,0,https://api.github.com/repos/kyak/microdaq_ert,2013-06-14 11:46:52.000000,2019-08-04 19:14:37.000000,2017-06-07 19:58:27.000000,,,2,2,C,1,0,,master,,Other,"microdaq_ert-master/demos/mdaqdemos_rc_controller.slx,microdaq_ert-master/demos/mdaqdemo_vs.slx,microdaq_ert-master/demos/mdaqdemo_usend_hst.slx,microdaq_ert-master/demos/mdaqdemo_usend.slx,microdaq_ert-master/demos/mdaqdemo_urecv_hst.slx,microdaq_ert-master/demos/mdaqdemo_urecv.slx,microdaq_ert-master/demos/mdaqdemo_uart.slx,microdaq_ert-master/demos/mdaqdemo_tsend.slx,microdaq_ert-master/demos/mdaqdemo_trecv.slx,microdaq_ert-master/demos/mdaqdemo_testanalog.slx,microdaq_ert-master/demos/mdaqdemo_pilbuf.slx,microdaq_ert-master/demos/mdaqdemo_pil.slx,microdaq_ert-master/demos/mdaqdemo_mem.slx,microdaq_ert-master/demos/mdaqdemo_led_mlink.slx,microdaq_ert-master/demos/mdaqdemo_led.slx,microdaq_ert-master/demos/mdaqdemo_fft.slx,microdaq_ert-master/demos/mdaqdemo_extbuf.slx,microdaq_ert-master/demos/mdaqdemo_ext.slx,microdaq_ert-master/demos/mdaqdemo_enc.slx,microdaq_ert-master/demos/mdaqdemo_analog.slx,microdaq_ert-master/demos/mdaqdemo_adc.slx,microdaq_ert-master/demos/mdaq_vipstab.slx,microdaq_ert-master/demos/mdaq_pilbuf.slx,microdaq_ert-master/demos/mdaq_mdlref.slx,microdaq_ert-master/demos/mdaq_fft.slx,microdaq_ert-master/demos/mdaq_dac.slx,microdaq_ert-master/demos/mdaq_analog.slx,microdaq_ert-master/demos/mdaq_adc.slx,microdaq_ert-master/blocks/microdaq_lib.slx,",29,e3ffa4138349557af2f7e844becd17324714f21b,2242,9,1
9,11530296,simulink_BetterPortOrder,jed-frey,0,https://github.com/jed-frey/simulink_BetterPortOrder,Simulink tools to optimally connect different subsystems,0,https://api.github.com/repos/jed-frey/simulink_BetterPortOrder,2013-07-19 15:00:30.000000,2018-05-13 22:34:57.000000,2018-05-13 22:34:55.000000,,,0,0,Matlab,0,0,,master,,"BSD 3-Clause ""New"" or ""Revised"" License","simulink_BetterPortOrder-master/portOrderDemo.mdl,",1,a31479b353154c7895ed71e8922228210c709250,1759,7,1
11,13685163,AR_Drone_Simulink,justynazander,0,https://github.com/justynazander/AR_Drone_Simulink,ARDrone for Simulink DevKit_V1,0,https://api.github.com/repos/justynazander/AR_Drone_Simulink,2013-10-18 17:58:06.000000,2019-10-02 14:32:58.000000,2013-10-20 00:20:07.000000,,,5,5,Matlab,3,1,,master,,"BSD 2-Clause ""Simplified"" License","AR_Drone_Simulink-master/ARDroneSimulinkDevKit_V1/wifiControl/ARDroneWPTracking.slx,AR_Drone_Simulink-master/ARDroneSimulinkDevKit_V1/wifiControl/ARDroneHover.slx,AR_Drone_Simulink-master/ARDroneSimulinkDevKit_V1/simulation/ARDroneWPTrackingSim.slx,AR_Drone_Simulink-master/ARDroneSimulinkDevKit_V1/simulation/ARDroneHoverSim.slx,AR_Drone_Simulink-master/ARDroneSimulinkDevKit_V1/simulation/ARDroneBaseSim.slx,AR_Drone_Simulink-master/ARDroneSimulinkDevKit_V1/lib/ARBlocks.slx,",6,70dfb6c3798e8a8f3fd2eebf8095240c5262476d,2175,4,1
12,14375685,T-MATS,nasa,0,https://github.com/nasa/T-MATS,"An open source thermodynamic modeling package completed on behalf of NASA. The Toolbox for the Modeling and Analysis of Thermodynamic Systems (T-MATS) package offers a MATLAB/Simulink toolbox that gives a developer the ability to create simulations of such thermodynamic systems as turbomachinery and gas turbines. Keywords: TMATS, Control System, Numerical Methods, Newton-Raphson, Jacobian Calculation, Propulsion, Aircraft Engine, Jet, Turbofan, Turbojet, Compressor, Turbine, Nozzle, Inlet, open source",0,https://api.github.com/repos/nasa/T-MATS,2013-11-13 20:36:48.000000,2019-12-31 06:05:33.000000,2019-12-09 18:52:56.000000,,,128,128,HTML,91,2,,master,,Apache License 2.0,"T-MATS-master/Trunk/TMATS_Library/TMATS_Vol.slx,T-MATS-master/Trunk/TMATS_Library/TMATS_Turbo.slx,T-MATS-master/Trunk/TMATS_Library/TMATS_Thermo.slx,T-MATS-master/Trunk/TMATS_Library/TMATS_Solver.slx,T-MATS-master/Trunk/TMATS_Library/TMATS_NumericalMethods.slx,T-MATS-master/Trunk/TMATS_Library/TMATS_Lib.slx,T-MATS-master/Trunk/TMATS_Library/TMATS_HeatXfer.slx,T-MATS-master/Trunk/TMATS_Library/TMATS_Control.slx,T-MATS-master/Trunk/TMATS_Library/TMATSC_TurboC.slx,T-MATS-master/Trunk/TMATS_Library/TMATSC_ThermoC.slx,T-MATS-master/Trunk/TMATS_Library/Lib_Vol_pipeCd_TMATS.slx,T-MATS-master/Trunk/TMATS_Library/Lib_Vol_Volume_TMATS.slx,T-MATS-master/Trunk/TMATS_Library/Lib_Vol_VolumeVar_TMATS.slx,T-MATS-master/Trunk/TMATS_Library/Lib_Vol_Valve_TMATS.slx,T-MATS-master/Trunk/TMATS_Library/Lib_Vol_PropLookup_TMATS.slx,T-MATS-master/Trunk/TMATS_Library/Lib_Vol_Pipe_TMATS.slx,T-MATS-master/Trunk/TMATS_Library/Lib_Vol_FlowStart_TMATS.slx,T-MATS-master/Trunk/TMATS_Library/Lib_Vol_FlowChar_TMATS.slx,T-MATS-master/Trunk/TMATS_Library/Lib_Turbo_Valve_TMATS.slx,T-MATS-master/Trunk/TMATS_Library/Lib_Turbo_ValvePHY_TMATS.slx,T-MATS-master/Trunk/TMATS_Library/Lib_Turbo_Turbine_TMATS.slx,T-MATS-master/Trunk/TMATS_Library/Lib_Turbo_TurbinePSI_TMATS.slx,T-MATS-master/Trunk/TMATS_Library/Lib_Turbo_TurbineNPSS_TMATS.slx,T-MATS-master/Trunk/TMATS_Library/Lib_Turbo_StaticCalc_TMATS.slx,T-MATS-master/Trunk/TMATS_Library/Lib_Turbo_Splitter_TMATS.slx,T-MATS-master/Trunk/TMATS_Library/Lib_Turbo_Shaft_TMATS.mdl,T-MATS-master/Trunk/TMATS_Library/Lib_Turbo_SFCCalc_TMATS.slx,T-MATS-master/Trunk/TMATS_Library/Lib_Turbo_PGenerator_TMATS.slx,T-MATS-master/Trunk/TMATS_Library/Lib_Turbo_Nozzle_TMATS.slx,T-MATS-master/Trunk/TMATS_Library/Lib_Turbo_NozzleVar_TMATS.slx,T-MATS-master/Trunk/TMATS_Library/Lib_Turbo_Mixer_TMATS.slx,T-MATS-master/Trunk/TMATS_Library/Lib_Turbo_Inlet_TMATS.slx,T-MATS-master/Trunk/TMATS_Library/Lib_Turbo_HeatXchang_TMATS.slx,T-MATS-master/Trunk/TMATS_Library/Lib_Turbo_HeatSoak_TMATS.slx,T-MATS-master/Trunk/TMATS_Library/Lib_Turbo_GearBox_TMATS.slx,T-MATS-master/Trunk/TMATS_Library/Lib_Turbo_FlowPathChar_TMATS.slx,T-MATS-master/Trunk/TMATS_Library/Lib_Turbo_Duct_TMATS.slx,T-MATS-master/Trunk/TMATS_Library/Lib_Turbo_DuctQ_TMATS.mdl,T-MATS-master/Trunk/TMATS_Library/Lib_Turbo_Compressor_TMATS.slx,T-MATS-master/Trunk/TMATS_Library/Lib_Turbo_CompressorVG_TMATS.slx,T-MATS-master/Trunk/TMATS_Library/Lib_Turbo_Burner_TMATS.slx,T-MATS-master/Trunk/TMATS_Library/Lib_Turbo_Bleed_TMATS.slx,T-MATS-master/Trunk/TMATS_Library/Lib_Turbo_Ambient_TMATS.slx,T-MATS-master/Trunk/TMATS_Library/Lib_TurboC_Turbine_TMATSC.slx,T-MATS-master/Trunk/TMATS_Library/Lib_TurboC_Splitter_TMATSC.slx,T-MATS-master/Trunk/TMATS_Library/Lib_TurboC_Nozzle_TMATSC.slx,T-MATS-master/Trunk/TMATS_Library/Lib_TurboC_Inlet_TMATSC.slx,T-MATS-master/Trunk/TMATS_Library/Lib_TurboC_FlowStart_TMATSC.slx,T-MATS-master/Trunk/TMATS_Library/Lib_TurboC_Duct_TMATSC.slx,T-MATS-master/Trunk/TMATS_Library/Lib_TurboC_Compressor_TMATSC.slx,T-MATS-master/Trunk/TMATS_Library/Lib_TurboC_Burner_TMATSC.slx,T-MATS-master/Trunk/TMATS_Library/Lib_TurboC_Ambient_TMATSC.slx,T-MATS-master/Trunk/TMATS_Library/Lib_Thermo_Temp2Enth_TMATS.slx,T-MATS-master/Trunk/TMATS_Library/Lib_Thermo_SP2T_TMATS.slx,T-MATS-master/Trunk/TMATS_Library/Lib_Thermo_PT2S_TMATS.slx,T-MATS-master/Trunk/TMATS_Library/Lib_Thermo_IsentropicCompression_TMATS.slx,T-MATS-master/Trunk/TMATS_Library/Lib_Thermo_Enth2Temp_TMATS.slx,T-MATS-master/Trunk/TMATS_Library/Lib_ThermoC_sethP_TMATSC.slx,T-MATS-master/Trunk/TMATS_Library/Lib_ThermoC_setTsPsMN_TMATSC.slx,T-MATS-master/Trunk/TMATS_Library/Lib_ThermoC_setTP_TMATSC.slx,T-MATS-master/Trunk/TMATS_Library/Lib_ThermoC_setSP_TMATSC.slx,T-MATS-master/Trunk/TMATS_Library/Lib_ThermoC_setPs_TMATSC.slx,T-MATS-master/Trunk/TMATS_Library/Lib_ThermoC_setMN1_TMATSC.slx,T-MATS-master/Trunk/TMATS_Library/Lib_ThermoC_FlowConvertToCan_TMATSC.slx,T-MATS-master/Trunk/TMATS_Library/Lib_ThermoC_FlowAdd_TMATSC.slx,T-MATS-master/Trunk/TMATS_Library/Lib_Solve_VectorCondition_TMATS.slx,T-MATS-master/Trunk/TMATS_Library/Lib_Solve_SSNRSolverJC_TMATS.slx,T-MATS-master/Trunk/TMATS_Library/Lib_Solve_ParameterStep_TMATS.slx,T-MATS-master/Trunk/TMATS_Library/Lib_Solve_ParameterRamp_TMATS.slx,T-MATS-master/Trunk/TMATS_Library/Lib_Solve_PWStateSpace_TMATS.slx,T-MATS-master/Trunk/TMATS_Library/Lib_Solve_PWLinearize_TMATS.slx,T-MATS-master/Trunk/TMATS_Library/Lib_Solve_OuterLoopIntegrator_TMATS.slx,T-MATS-master/Trunk/TMATS_Library/Lib_Solve_NormErr_TMATS.slx,T-MATS-master/Trunk/TMATS_Library/Lib_Solve_ModelSource_TMATS.slx,T-MATS-master/Trunk/TMATS_Library/Lib_Solve_Linearize_TMATS.slx,T-MATS-master/Trunk/TMATS_Library/Lib_Solve_IterNRSolverJC_TMATS.slx,T-MATS-master/Trunk/TMATS_Library/Lib_Solve_DataOut_TMATS.slx,T-MATS-master/Trunk/TMATS_Library/Lib_NM_NewtonRaphsonSolver_TMATS.slx,T-MATS-master/Trunk/TMATS_Library/Lib_NM_JacobianCalc_TMATS.slx,T-MATS-master/Trunk/TMATS_Library/Lib_HeatXfer_ThermalExpansion.slx,T-MATS-master/Trunk/TMATS_Library/Lib_HeatXfer_1DtransconductionVPGen_TMATS.slx,T-MATS-master/Trunk/TMATS_Library/Lib_HeatXfer_1DtransconductionFDI_TMATS.slx,T-MATS-master/Trunk/TMATS_Library/Lib_HeatXfer_1DtransconductionFDE_TMATS.slx,T-MATS-master/Trunk/TMATS_Library/Lib_HeatXfer_1DtransconductionCN_TMATS.slx,T-MATS-master/Trunk/TMATS_Library/Lib_HeatXfer_1Dtransconduction2FDE_TMATS.slx,T-MATS-master/Trunk/TMATS_Library/Lib_HeatXfer_0DtransconductionLS_TMATS.slx,T-MATS-master/Trunk/TMATS_Library/Lib_Cntrl_SimplePIcontroller_TMATS.slx,T-MATS-master/Trunk/TMATS_Library/Lib_Cntrl_SetPoint_TMATS.slx,T-MATS-master/Trunk/TMATS_Library/Lib_Cntrl_SetPointCntrlPI_TMATS.slx,T-MATS-master/Trunk/TMATS_Library/Lib_Cntrl_LimitSelect_TMATS.slx,T-MATS-master/Trunk/TMATS_Library/Lib_Cntrl_LimitCntrlPI_TMATS.slx,T-MATS-master/Trunk/TMATS_Library/Lib_Cntrl_GainSchedulerD2D_TMATS.slx,T-MATS-master/Trunk/TMATS_Library/Lib_Cntrl_FirstOrderSensor_TMATS.slx,T-MATS-master/Trunk/TMATS_Library/Lib_Cntrl_FirstOrderActuator_TMATS.slx,T-MATS-master/Trunk/TMATS_Library/Lib_Cntrl_CorrectedSpeed_TMATS.slx,T-MATS-master/Trunk/TMATS_Library/Lib_Cntrl_CorrectedGasFlow_TMATS.slx,T-MATS-master/Trunk/TMATS_Library/Lib_Cntrl_CorrectedFuelFlow_TMATS.slx,T-MATS-master/Trunk/TMATS_Examples/Example_Volumes/Dyn_Vol_Line.slx,T-MATS-master/Trunk/TMATS_Examples/Example_NewtonRaphson_Equation_Solver/NewtonRaphson_Equation_Solver.slx,T-MATS-master/Trunk/TMATS_Examples/Example_Linearization/LinStSpace.slx,T-MATS-master/Trunk/TMATS_Examples/Example_JT9D_SS_Cantera/JT9D_SS_Cantera_Template.mdl,T-MATS-master/Trunk/TMATS_Examples/Example_JT9D/JT9D_Model_SS.mdl,T-MATS-master/Trunk/TMATS_Examples/Example_JT9D/JT9D_Model_PWLin.mdl,T-MATS-master/Trunk/TMATS_Examples/Example_JT9D/JT9D_Model_Lin.mdl,T-MATS-master/Trunk/TMATS_Examples/Example_JT9D/JT9D_Model_Dyn.mdl,T-MATS-master/Trunk/TMATS_Examples/Example_GasTurbine_SS/GasTurbine_SS_Template.mdl,T-MATS-master/Trunk/TMATS_Examples/Example_GasTurbine_Dyn/GasTurbine_Dyn_Template.mdl,T-MATS-master/Trunk/TMATS_Examples/Cycles/BraytonCycle.slx,T-MATS-master/Resources/Testing/TestSFC.slx,T-MATS-master/Resources/Testing/TestBeds/t2hSIL/t2h_TestBed.slx,T-MATS-master/Resources/Testing/TestBeds/t2h/t2h_TestBed.slx,T-MATS-master/Resources/Testing/TestBeds/sp2tSIL/sp2t_TestBed.slx,T-MATS-master/Resources/Testing/TestBeds/sp2t/sp2t_TestBed.slx,T-MATS-master/Resources/Testing/TestBeds/pt2sSIL/pt2s_TestBed.slx,T-MATS-master/Resources/Testing/TestBeds/pt2s/pt2s_TestBed.slx,T-MATS-master/Resources/Testing/TestBeds/h2tSIL/h2t_TestBed.slx,T-MATS-master/Resources/Testing/TestBeds/h2t/h2t_TestBed.slx,T-MATS-master/Resources/Testing/TestBeds/Valve_PHYSIL/Valve_PHY_TestBed.slx,T-MATS-master/Resources/Testing/TestBeds/Valve_PHY/Valve_PHY_TestBed.slx,T-MATS-master/Resources/Testing/TestBeds/ValveSIL/Valve_TestBed.slx,T-MATS-master/Resources/Testing/TestBeds/Valve/Valve_TestBed.slx,T-MATS-master/Resources/Testing/TestBeds/VCond/VCond_TestBed.slx,T-MATS-master/Resources/Testing/TestBeds/Turbine_PSISIL/Turbine_PSI_TestBed.slx,T-MATS-master/Resources/Testing/TestBeds/Turbine_PSI/Turbine_PSI_TestBed.slx,T-MATS-master/Resources/Testing/TestBeds/TurbineSIL/Turbine_TestBed.slx,T-MATS-master/Resources/Testing/TestBeds/Turbine/Turbine_TestBed.slx,T-MATS-master/Resources/Testing/TestBeds/StaticCalcSIL/StaticCalc_TestBed.slx,T-MATS-master/Resources/Testing/TestBeds/StaticCalc/StaticCalc_TestBed.slx,T-MATS-master/Resources/Testing/TestBeds/Splitter/Splitter_TestBed.slx,T-MATS-master/Resources/Testing/TestBeds/SolverSS/SolverSS_TestBed.slx,T-MATS-master/Resources/Testing/TestBeds/SolverDyn/SolverDyn_TestBed.slx,T-MATS-master/Resources/Testing/TestBeds/Shaft/Shaft_TestBed.slx,T-MATS-master/Resources/Testing/TestBeds/Sensor_FO/Sensor_FO_TestBed.slx,T-MATS-master/Resources/Testing/TestBeds/OutLoopInt/OutLoopInt_TestBed.slx,T-MATS-master/Resources/Testing/TestBeds/NozzleSIL/Nozzle_TestBed.slx,T-MATS-master/Resources/Testing/TestBeds/Nozzle/Nozzle_TestBed.slx,T-MATS-master/Resources/Testing/TestBeds/Mod_Source/Mod_Source_TestBed.slx,T-MATS-master/Resources/Testing/TestBeds/MixerSIL/Mixer_TestBed.slx,T-MATS-master/Resources/Testing/TestBeds/Mixer/Mixer_TestBed.slx,T-MATS-master/Resources/Testing/TestBeds/FlwPthChar/FlwPthChar_TestBed.slx,T-MATS-master/Resources/Testing/TestBeds/Duct/Duct_TestBed.slx,T-MATS-master/Resources/Testing/TestBeds/CorWf/CorWf_TestBed.slx,T-MATS-master/Resources/Testing/TestBeds/CorW/CorW_TestBed.slx,T-MATS-master/Resources/Testing/TestBeds/CorN/CorN_TestBed.slx,T-MATS-master/Resources/Testing/TestBeds/ControllerPI/ControllerPI_TestBed.slx,T-MATS-master/Resources/Testing/TestBeds/CompVGSIL/CompVG_TestBed.slx,T-MATS-master/Resources/Testing/TestBeds/CompVG/CompVG_TestBed.slx,T-MATS-master/Resources/Testing/TestBeds/CompSIL/Comp_TestBed.slx,T-MATS-master/Resources/Testing/TestBeds/CompSIL/Comp_Model.slx,T-MATS-master/Resources/Testing/TestBeds/Comp/Comp_TestBed.slx,T-MATS-master/Resources/Testing/TestBeds/Comp/Comp_Model.slx,T-MATS-master/Resources/Testing/TestBeds/BurnerSIL/Burner_TestBed.slx,T-MATS-master/Resources/Testing/TestBeds/Burner/Burner_TestBed.slx,T-MATS-master/Resources/Testing/TestBeds/BleedSIL/Bleed_TestBed.slx,T-MATS-master/Resources/Testing/TestBeds/Bleed/Bleed_TestBed.slx,T-MATS-master/Resources/Testing/TestBeds/AmbientSIL/AmbientSIL_TestBed.slx,T-MATS-master/Resources/Testing/TestBeds/AmbientSIL/AmbientMod.slx,T-MATS-master/Resources/Testing/TestBeds/Ambient/Ambient_TestBed.slx,T-MATS-master/Resources/Testing/TestBeds/Actuator_FO/Actuator_FO_TestBed.slx,T-MATS-master/Resources/Testing/Cantera/TestTurbine.slx,T-MATS-master/Resources/Testing/Cantera/TestSplitter.slx,T-MATS-master/Resources/Testing/Cantera/TestNozzleUnchoked.slx,T-MATS-master/Resources/Testing/Cantera/TestNozzleChoked.slx,T-MATS-master/Resources/Testing/Cantera/TestFlowstart.slx,T-MATS-master/Resources/Testing/Cantera/TestDuct.slx,T-MATS-master/Resources/Testing/Cantera/TestCompressor.slx,T-MATS-master/Resources/Testing/Cantera/TestAmbient.slx,T-MATS-master/Resources/JT9D_Public_NPSSv241/JT9D.mdl,",168,cf2ce83f887c89b41f35133e98a11ca010dc052f,2239,66,1
13,17516671,hyperloop_sl,mabrauer,0,https://github.com/mabrauer/hyperloop_sl,Hyperloop model in Simulink for collaboration,0,https://api.github.com/repos/mabrauer/hyperloop_sl,2014-03-07 14:38:25.000000,2019-12-30 14:29:58.000000,2019-12-30 14:29:57.000000,,,19,19,MATLAB,13,1,,master,,"BSD 3-Clause ""New"" or ""Revised"" License","hyperloop_sl-master/sl2geVisualization/sl2ge_hyperloop.slx,hyperloop_sl-master/hyperloop_arc.slx,hyperloop_sl-master/Utilities/realtime_pacer_lib.mdl,hyperloop_sl-master/Tube/Tube_Alpha_sf.slx,hyperloop_sl-master/Tube/Tube_Alpha.slx,hyperloop_sl-master/Propulsion/Prop_Alpha.slx,hyperloop_sl-master/Power/Power_Alpha.slx,hyperloop_sl-master/Compressor/Compressor_StaticSimulink.slx,hyperloop_sl-master/Compressor/Compressor_Defaults.slx,hyperloop_sl-master/Compressor/Compressor_Alpha.slx,hyperloop_sl-master/Chassis/Chassis_Alpha_sm_s3d.slx,hyperloop_sl-master/Chassis/Chassis_Alpha_sm.slx,hyperloop_sl-master/Chassis/Chassis_Alpha.slx,",13,a9ccffb5af5c6b35644ee2b6963e51595b2f74b7,2124,6,1
14,17642867,MathWorks_tools,analogdevicesinc,0,https://github.com/analogdevicesinc/MathWorks_tools,Scripts and tools created by ADI to be used with MATLAB and Simulink with ADI products,0,https://api.github.com/repos/analogdevicesinc/MathWorks_tools,2014-03-11 19:19:13.000000,2019-12-20 12:19:15.000000,2019-08-27 17:49:41.000000,,,47,47,MATLAB,122,6,,master,"matlab,simulink,analog-devices,hdlcoder,mathworks,adi",Other,"MathWorks_tools-master/test/testModel_Tx32.slx,MathWorks_tools-master/test/testModel_Rx16Tx32.slx,MathWorks_tools-master/test/testModel.slx,MathWorks_tools-master/targeting_models/tuneAGC-ad9361/adi_ad9361_models.slx,MathWorks_tools-master/targeting_models/tuneAGC-ad9361/ad9361_rx_wlan_testbench_targeting.slx,MathWorks_tools-master/targeting_models/tuneAGC-ad9361/ad9361_rx_wlan_testbench.slx,MathWorks_tools-master/targeting_models/tuneAGC-ad9361/ModeS_testbench.slx,MathWorks_tools-master/targeting_models/modem-qpsk/test/utilmodels/tx.slx,MathWorks_tools-master/targeting_models/modem-qpsk/test/utilmodels/rx.slx,MathWorks_tools-master/targeting_models/modem-qpsk/test/hdl_design/combinedTxRx.slx,MathWorks_tools-master/targeting_models/modem-qpsk/test/Receiver_UnderTest_Float.slx,MathWorks_tools-master/targeting_models/modem-qpsk/test/Receiver_UnderTest_Fixed.slx,MathWorks_tools-master/targeting_models/modem-qpsk/FloatingPoint/RxFloatingPointLibrary.slx,MathWorks_tools-master/targeting_models/modem-qpsk/FloatingPoint/RadioReceiver.slx,MathWorks_tools-master/targeting_models/modem-qpsk/FixedPoint/demos/Standard_IQ/combinedTxRx_StandardIQ.slx,MathWorks_tools-master/targeting_models/modem-qpsk/FixedPoint/demos/Standard_IQ/Interface_Model_Tx.slx,MathWorks_tools-master/targeting_models/modem-qpsk/FixedPoint/demos/FPGA_Capture/Receiver_FPGACapture.slx,MathWorks_tools-master/targeting_models/modem-qpsk/FixedPoint/demos/FPGA_Capture/Receiver_FPGACap.slx,MathWorks_tools-master/targeting_models/modem-qpsk/FixedPoint/demos/FPGA_Capture/FPGADataCapture_model.slx,MathWorks_tools-master/targeting_models/modem-qpsk/FixedPoint/demos/External_Mode/gm_combinedTxRx_ExternalMode_lib.slx,MathWorks_tools-master/targeting_models/modem-qpsk/FixedPoint/demos/External_Mode/combinedTxRx_ExternalMode.slx,MathWorks_tools-master/targeting_models/modem-qpsk/FixedPoint/demos/External_Mode/Interface_Model.slx,MathWorks_tools-master/targeting_models/modem-qpsk/FixedPoint/demos/ADI_DMA_TT/combinedTxRx_ADIDMA.slx,MathWorks_tools-master/targeting_models/modem-qpsk/FixedPoint/Transmitter.slx,MathWorks_tools-master/targeting_models/modem-qpsk/FixedPoint/RxTxFixedPointLibrary_noscopes.slx,MathWorks_tools-master/targeting_models/modem-qpsk/FixedPoint/RxTxFixedPointLibrary.slx,MathWorks_tools-master/targeting_models/modem-qpsk/FixedPoint/Receiver.slx,MathWorks_tools-master/targeting_models/frequency-hopping/frequency_hopping.slx,MathWorks_tools-master/targeting_models/ADSB/ModeS_ADI_Codegen.slx,MathWorks_tools-master/hil_models/legacy/qpsktxrx/qpsktxrx.slx,MathWorks_tools-master/hil_models/legacy/ieee80211_beacon_rx/wlan80211BeaconRx.slx,MathWorks_tools-master/hil_models/legacy/fmcomms5_data_stream/fmcomms5.slx,MathWorks_tools-master/hil_models/legacy/fmcomms4_data_stream/ad9364_sim.slx,MathWorks_tools-master/hil_models/legacy/fmcomms2_3_data_stream/ad9361_sim.slx,MathWorks_tools-master/hil_models/legacy/daq2_data_stream/daq2_sim.slx,MathWorks_tools-master/hil_models/legacy/ADSB_Simulink_libiio/ModeS_Simulink_libiio.slx,MathWorks_tools-master/hil_models/legacy/ADSB_Simulink/ModeS_Simulink_Decode.mdl,MathWorks_tools-master/hil_models/legacy/ADSB_Simulink/ModeS_FixPt_Pipelined_ADI.slx,MathWorks_tools-master/blocks/ADIBlocks.slx,",39,f32c4d1570490fc9e3ee0441313ff40b1274bb08,2110,16,1
17,22338594,RaspberryPiRobot,omcaree,0,https://github.com/omcaree/RaspberryPiRobot,Control a Raspberry Pi powered robot with MATLAB and Simulink,0,https://api.github.com/repos/omcaree/RaspberryPiRobot,2014-07-28 10:12:59.000000,2019-09-25 03:05:58.000000,2014-09-02 09:53:42.000000,,,9,9,Matlab,7,1,,master,,"BSD 2-Clause ""Simplified"" License","RaspberryPiRobot-master/FindTarget.slx,",1,3d41711baaa85280a41fc82bf37c06af3c3712f5,1885,10,1
19,22711541,Stimela,Stimela,0,https://github.com/Stimela/Stimela,Stimela is an environment for standardised mathematical models of drinking water treatment processes in Matlab/Simulink,0,https://api.github.com/repos/Stimela/Stimela,2014-08-07 06:51:28.000000,2019-05-10 04:20:29.000000,2018-02-09 15:18:40.000000,,,5,5,Matlab,6,1,,master,,MIT License,"Stimela-master/Stimela/Standard_projects/Templates/Empty/empty.mdl,Stimela-master/Stimela/Standard_projects/Sedimentation_and_flotation/Coagulation/StimelaStates/Versie1.mdl,Stimela-master/Stimela/Standard_projects/Sedimentation_and_flotation/Coagulation/Coagulation.mdl,Stimela-master/Stimela/Standard_projects/Rapid_filtration/Single_media_filtration/Single_media_filtration.mdl,Stimela-master/Stimela/Standard_projects/Rapid_filtration/Nitrification/Nitrification.mdl,Stimela-master/Stimela/Standard_projects/Rapid_filtration/Iron_removal/iron_filter1.mdl,Stimela-master/Stimela/Standard_projects/Rapid_filtration/Iron_removal/iron_filter0.mdl,Stimela-master/Stimela/Standard_projects/Rapid_filtration/Iron_removal/Iron_removal.mdl,Stimela-master/Stimela/Standard_projects/Rapid_filtration/Dual_media_filtration/Dual_media_filtration.mdl,Stimela-master/Stimela/Standard_projects/Rapid_filtration/Biological_filtration/Biological_filtration.mdl,Stimela-master/Stimela/Standard_projects/Pellet_softening/Pellet_softening_reactor/Pellet_softening_reactor.mdl,Stimela-master/Stimela/Standard_projects/Oxidation_disinfection/Ozonation/Ozonation.mdl,Stimela-master/Stimela/Standard_projects/Others/Time_distribution/time_distribution.mdl,Stimela-master/Stimela/Standard_projects/IonExchange/IEX_NOMremoval/IEX_NOMremoval.mdl,Stimela-master/Stimela/Standard_projects/Integral_models/Example/example.mdl,Stimela-master/Stimela/Standard_projects/Integral_models/Example/Example20070806_163615.mdl,Stimela-master/Stimela/Standard_projects/Aeration/Weir_aerator/Weir_aerator.mdl,Stimela-master/Stimela/Standard_projects/Aeration/Vacuum_degassifier_discontinuous/Vacuum_degassifier_discontinuous.mdl,Stimela-master/Stimela/Standard_projects/Aeration/Vacuum_degassifier_continuous/Vacuum_degassifier_continuous.mdl,Stimela-master/Stimela/Standard_projects/Aeration/Plate_aerator/Plate_aerator.mdl,Stimela-master/Stimela/Standard_projects/Aeration/Packed_column_aerator_sc/Packed_column_aerator_sc.mdl,Stimela-master/Stimela/Standard_projects/Aeration/Packed_column_aerator/Packed_column_aerator.mdl,Stimela-master/Stimela/Standard_projects/Adsorption_activated_carbon/Activated_carbon_filtration/StimelaStates/Activated_carbon_filtration_Init.mdl,Stimela-master/Stimela/Standard_projects/Adsorption_activated_carbon/Activated_carbon_filtration/StimelaStates/Activated_carbon_filtration_2007a.mdl,Stimela-master/Stimela/Standard_projects/Adsorption_activated_carbon/Activated_carbon_filtration/Activated_carbon_filtration.mdl,Stimela-master/Stimela/Standard_models/Waterspot/Waterspot_Simulation/ws2opc_m.mdl,Stimela-master/Stimela/Standard_models/Waterspot/Waterspot_Set_waterquality/wssetq_m.mdl,Stimela-master/Stimela/Standard_models/Waterspot/Waterspot_Set_control/wssetc_m.mdl,Stimela-master/Stimela/Standard_models/Waterspot/Waterspot_Get_waterquality/wsgetq_m.mdl,Stimela-master/Stimela/Standard_models/Waterspot/Waterspot_Get_measurement/wsgetm_m.mdl,Stimela-master/Stimela/Standard_models/Templates/Empty/Block0_m.mdl,Stimela-master/Stimela/Standard_models/Sedimentation_and_flotation/Flocculation/vlokvo_m.mdl,Stimela-master/Stimela/Standard_models/Sedimentation_and_flotation/Coagulation/coagul_m.mdl,Stimela-master/Stimela/Standard_models/Rapid_filtration/Susp_Solids_Single_media_filter/enkfil_m.mdl,Stimela-master/Stimela/Standard_models/Rapid_filtration/Susp_Solids_Dual_media_filter/dubfil_m.mdl,Stimela-master/Stimela/Standard_models/Rapid_filtration/Nitrification/nitfil_m.mdl,Stimela-master/Stimela/Standard_models/Rapid_filtration/Iron_removal/irofil_m.mdl,Stimela-master/Stimela/Standard_models/Rapid_filtration/Iron_removal/irocon_m.mdl,Stimela-master/Stimela/Standard_models/Rapid_filtration/Iron_removal/harder_m.mdl,Stimela-master/Stimela/Standard_models/Rapid_filtration/Biological_filter/biofil_m.mdl,Stimela-master/Stimela/Standard_models/Rapid_filtration/Backwash_Module/bacwa1_m.mdl,Stimela-master/Stimela/Standard_models/Pellet_Softening/Caustic_soda_dosing/sofcon_m.mdl,Stimela-master/Stimela/Standard_models/Pellet_Softening/Caustic_soda_dosing/pels25_m.mdl,Stimela-master/Stimela/Standard_models/Oxidation_desinfection/Ozone_Dosage/ozonox_m.mdl,Stimela-master/Stimela/Standard_models/Oxidation_desinfection/Ozone_Dosage/ozodo1_m.mdl,Stimela-master/Stimela/Standard_models/Oxidation_desinfection/Ozone_Contact/ozoncc_m.mdl,Stimela-master/Stimela/Standard_models/Oxidation_desinfection/Chlorine/Chloro/chloro_m.mdl,Stimela-master/Stimela/Standard_models/Oxidation_desinfection/Chlorine/ChloCT/chloCT_m.mdl,Stimela-master/Stimela/Standard_models/Oxidation_desinfection/Chlorine/ChlDos/chldos_m.mdl,Stimela-master/Stimela/Standard_models/Others/Water_quality_parameters/invruw_m.mdl,Stimela-master/Stimela/Standard_models/Others/Time_distribution/timeds_m.mdl,Stimela-master/Stimela/Standard_models/Others/Split/splits_m.mdl,Stimela-master/Stimela/Standard_models/Others/Pump/pomper_m.mdl,Stimela-master/Stimela/Standard_models/Others/Mixer/mengpH_m.mdl,Stimela-master/Stimela/Standard_models/Others/Measurement/modmes_m.mdl,Stimela-master/Stimela/Standard_models/Others/Measurement/measur_m.mdl,Stimela-master/Stimela/Standard_models/Others/Manifold/verwrk_m.mdl,Stimela-master/Stimela/Standard_models/Others/Dosing/doscon_m.mdl,Stimela-master/Stimela/Standard_models/Others/Dosing/ccemsi_m.mdl,Stimela-master/Stimela/Standard_models/Others/Dosing/calceq_m.mdl,Stimela-master/Stimela/Standard_models/Others/DHVGraph/dhvplt_m.mdl,Stimela-master/Stimela/Standard_models/Others/DHVGraph/dhvgrp_m.mdl,Stimela-master/Stimela/Standard_models/Others/Change_Quality/changq_m.mdl,Stimela-master/Stimela/Standard_models/Others/Buffer/buffer_m.mdl,Stimela-master/Stimela/Standard_models/Others/Buffer/buffal_m.mdl,Stimela-master/Stimela/Standard_models/Others/Buffer/buffWQ_m.mdl,Stimela-master/Stimela/Standard_models/IonExchange/NOM_Removal/iexexc_m.mdl,Stimela-master/Stimela/Standard_models/Aeration/Vacuum_degassifier_discontinuous/vacuum_m.mdl,Stimela-master/Stimela/Standard_models/Aeration/Vacuum_degassifier_continuous/vacslp_m.mdl,Stimela-master/Stimela/Standard_models/Aeration/Tower_aerator/torbsc_m.mdl,Stimela-master/Stimela/Standard_models/Aeration/Tower_aerator/torbk2_m.mdl,Stimela-master/Stimela/Standard_models/Aeration/Plate_aerator/plaatb_m.mdl,Stimela-master/Stimela/Standard_models/Aeration/Cascade_aerator/cascad_m.mdl,Stimela-master/Stimela/Standard_models/Adsorption_activated_carbon/Regenerate_module/regena_m.mdl,Stimela-master/Stimela/Standard_models/Adsorption_activated_carbon/GAC_filtration/koofil_m.mdl,Stimela-master/Stimela/Bin/Stimela_menu/Templates/Stimela_library_0.mdl,Stimela-master/Stimela/Bin/Stimela_menu/Templates/My_projects_0.mdl,Stimela-master/Stimela/Bin/Stimela_menu/Templates/My_models_0.mdl,Stimela-master/Stimela/Bin/Stimela_menu/Stimela_introduction.mdl,",79,161faf124eff90f5cbfcc1b4e2587ead49d0a6cb,1737,15,1
20,24437619,matudp,djoshea,0,https://github.com/djoshea/matudp,Bus communication layer and data logger for Simulink Real Time (xPC Target),0,https://api.github.com/repos/djoshea/matudp,2014-09-25 00:31:50.000000,2020-01-09 20:50:21.000000,2020-01-09 20:50:18.000000,,,0,0,MATLAB,1,3,,master,,GNU General Public License v3.0,"matudp-master/simulink/testing/testTriggerToPulse.slx,matudp-master/simulink/testing/testTriggerBuffer.slx,matudp-master/simulink/testing/testStateflow.slx,matudp-master/simulink/testing/testSerializedParamsNew.slx,matudp-master/simulink/testing/testSerializedParams.slx,matudp-master/simulink/testing/testPacketSend.slx,matudp-master/simulink/testing/testHoldUntil.slx,matudp-master/simulink/testing/testForEach.slx,matudp-master/simulink/testing/testEnabledSubsystem.slx,matudp-master/simulink/testing/testDeserialize.slx,matudp-master/simulink/testing/testDataLoggerLocal.slx,matudp-master/simulink/testing/testDataLogger.slx,matudp-master/simulink/testing/testBusMemory.slx,matudp-master/simulink/testing/testBusArray.slx,matudp-master/simulink/libMatUdp.slx,matudp-master/simulink/libBusSerializeOurs.slx,matudp-master/simulink/libBusSerialize.slx,matudp-master/simulink/cerebus/testCerebusParseInC/testNetworkParseInC.slx,matudp-master/simulink/cerebus/testCerebusParseInC/testCerebusParseInC.slx,matudp-master/simulink/cerebus/libCerebusParseInC.slx,matudp-master/sandbox/testNoCopy.slx,matudp-master/sandbox/packetCat.slx,",22,e64b3782311e8bdf9fe729d1ebb3845f13de2d27,1932,12,1
21,25926236,massif,viatra,0,https://github.com/viatra/massif,Massif is a Matlab Simulink Integration Framework for Eclipse,0,https://api.github.com/repos/viatra/massif,2014-10-29 15:04:03.000000,2020-01-31 16:41:19.000000,2020-01-31 16:41:21.000000,https://viatra.github.io/massif/,,17,17,Java,10,30,,master,,Eclipse Public License 1.0,"massif-master/tests/hu.bme.mit.massif.simulink.api.tests/exporterTest/export_example.mdl,massif-master/tests/hu.bme.mit.massif.simulink.api.tests/cases/14 - BusMapping/tst_bus_simple_hierarchy.mdl,massif-master/tests/hu.bme.mit.massif.simulink.api.tests/cases/14 - BusMapping/tst_bus_simple_goto.mdl,massif-master/tests/hu.bme.mit.massif.simulink.api.tests/cases/14 - BusMapping/tst_bus_simple_combined.mdl,massif-master/tests/hu.bme.mit.massif.simulink.api.tests/cases/14 - BusMapping/tst_bus_simple.mdl,massif-master/tests/hu.bme.mit.massif.simulink.api.tests/cases/14 - BusMapping/tst_bus_outputasbus_hierarchy.mdl,massif-master/tests/hu.bme.mit.massif.simulink.api.tests/cases/14 - BusMapping/tst_bus_outputasbus_goto.mdl,massif-master/tests/hu.bme.mit.massif.simulink.api.tests/cases/14 - BusMapping/tst_bus_outputasbus_combined.mdl,massif-master/tests/hu.bme.mit.massif.simulink.api.tests/cases/14 - BusMapping/tst_bus_outputasbus.mdl,massif-master/tests/hu.bme.mit.massif.simulink.api.tests/cases/14 - BusMapping/tst_bus_no_signal_names.mdl,massif-master/tests/hu.bme.mit.massif.simulink.api.tests/cases/14 - BusMapping/tst_bus_name_with_dot.mdl,massif-master/tests/hu.bme.mit.massif.simulink.api.tests/cases/14 - BusMapping/tst_bus_name_with_comma.mdl,massif-master/tests/hu.bme.mit.massif.simulink.api.tests/cases/14 - BusMapping/tst_bus_flattened_signals.mdl,massif-master/tests/hu.bme.mit.massif.simulink.api.tests/cases/14 - BusMapping/tst_bus_complex_incomplete.mdl,massif-master/tests/hu.bme.mit.massif.simulink.api.tests/cases/14 - BusMapping/tst_bus_complex_combined_incomplete.mdl,massif-master/tests/hu.bme.mit.massif.simulink.api.tests/cases/14 - BusMapping/tst_bus_complex_combined.mdl,massif-master/tests/hu.bme.mit.massif.simulink.api.tests/cases/14 - BusMapping/tst_bus_complex.mdl,massif-master/tests/hu.bme.mit.massif.simulink.api.tests/cases/14 - BusMapping/bus_unnamed.mdl,massif-master/tests/hu.bme.mit.massif.simulink.api.tests/cases/14 - BusMapping/bus_simple_incomplete.mdl,massif-master/tests/hu.bme.mit.massif.simulink.api.tests/cases/14 - BusMapping/bus_simple.mdl,massif-master/tests/hu.bme.mit.massif.simulink.api.tests/cases/14 - BusMapping/bus_outputAsBusComplex.mdl,massif-master/tests/hu.bme.mit.massif.simulink.api.tests/cases/14 - BusMapping/bus_outputAsBusAndSelect.mdl,massif-master/tests/hu.bme.mit.massif.simulink.api.tests/cases/14 - BusMapping/bus_outputAsBus.mdl,massif-master/tests/hu.bme.mit.massif.simulink.api.tests/cases/14 - BusMapping/bus_goto.mdl,massif-master/tests/hu.bme.mit.massif.simulink.api.tests/cases/14 - BusMapping/bus_combined.mdl,massif-master/tests/hu.bme.mit.massif.simulink.api.tests/cases/14 - BusMapping/bus_collision.mdl,massif-master/tests/hu.bme.mit.massif.simulink.api.tests/cases/13 - Large/large_model.mdl,massif-master/tests/hu.bme.mit.massif.simulink.api.tests/cases/12 - Simpower/simpowerExample.mdl,massif-master/tests/hu.bme.mit.massif.simulink.api.tests/cases/11 - Stateflow/stateflow_example.mdl,massif-master/tests/hu.bme.mit.massif.simulink.api.tests/cases/10 - Old look-up table/broken_lookup.mdl,massif-master/tests/hu.bme.mit.massif.simulink.api.tests/cases/09 - nested_subsystems/nested_subsystems.mdl,massif-master/tests/hu.bme.mit.massif.simulink.api.tests/cases/08 - simple_with_goto_tag_visibility/simple_with_goto_tag_visibility.mdl,massif-master/tests/hu.bme.mit.massif.simulink.api.tests/cases/07 - complex_with_stateflow/complex_with_stateflow.mdl,massif-master/tests/hu.bme.mit.massif.simulink.api.tests/cases/06 - model_multiconnection/model_multiconnection.mdl,massif-master/tests/hu.bme.mit.massif.simulink.api.tests/cases/05 - block_with_apostrophes/block_with_apostrophes.mdl,massif-master/tests/hu.bme.mit.massif.simulink.api.tests/cases/04 - complex_with_subsystems/complex_with_subsystems.mdl,massif-master/tests/hu.bme.mit.massif.simulink.api.tests/cases/03 - simple_io_ports/simple_io_ports.mdl,massif-master/tests/hu.bme.mit.massif.simulink.api.tests/cases/02 - simple_integrator/simple_integrator.mdl,massif-master/tests/hu.bme.mit.massif.simulink.api.tests/cases/01 - empty_model/empty_model.mdl,massif-master/releng/hu.bme.mit.massif.simulink.cli-package/Example_MATLAB.slx,massif-master/examples/hu.bme.mit.massif.examples.api/resources/importer/sldemo_clutch_import.mdl,massif-master/examples/hu.bme.mit.massif.examples.api/resources/exporter/sldemo_engine_export_original_in_simulink.mdl,massif-master/examples/hu.bme.mit.massif.examples.api/resources/exporter/sldemo_engine_export.mdl,",43,04241e09e9643ba5abc98a5901addd62318662dd,1920,9,1
24,27591571,matlab_ros_bridge,lagadic,0,https://github.com/lagadic/matlab_ros_bridge,Set of simulink s-functions to communicate with ROS,0,https://api.github.com/repos/lagadic/matlab_ros_bridge,2014-12-05 12:56:59.000000,2020-01-03 09:59:40.000000,2017-03-21 01:06:24.000000,,,18,18,C++,16,3,,master,,Other,"matlab_ros_bridge-master/mrb_tf/models/tf_lib.slx,matlab_ros_bridge-master/mrb_std_msgs/models/std_msgs.slx,matlab_ros_bridge-master/mrb_shape_msgs/models/shape_msgs.slx,matlab_ros_bridge-master/mrb_sensor_msgs/models/sensor_msgs.slx,matlab_ros_bridge-master/mrb_geometry_msgs/models/geometry_msgs.slx,matlab_ros_bridge-master/matlab_ros_bridge/models/test.slx,matlab_ros_bridge-master/matlab_ros_bridge/models/subsystem.slx,matlab_ros_bridge-master/matlab_ros_bridge/models/rt_sync.slx,matlab_ros_bridge-master/matlab_ros_bridge/models/others.slx,",9,0edad4772ebc9f9ae1814a02e9fefbd9d6483557,1855,8,1
25,27666471,minJerk,pattacini,0,https://github.com/pattacini/minJerk,Example of how to model systems with Simulink and generate the code,0,https://api.github.com/repos/pattacini/minJerk,2014-12-07 10:24:03.000000,2019-02-18 13:37:08.000000,2015-11-12 21:45:21.000000,,,4,4,C++,0,0,,master,"automatic,code,generation,simulink,simulink-model,c-plus-plus,minimum-jerk,yarp",GNU General Public License v2.0,"minJerk-master/model/minJerk.slx,",1,9d2d02124b80f89b68476ad6316909ded58ed080,1534,12,1
26,27724200,TORCSLink,VerifiableAutonomy,0,https://github.com/VerifiableAutonomy/TORCSLink,An interface between The Open Source Race Car Simulator (TORCS) and MATLAB/Simulink (or anything else...),0,https://api.github.com/repos/VerifiableAutonomy/TORCSLink,2014-12-08 16:36:32.000000,2020-01-08 15:49:47.000000,2015-01-27 15:40:11.000000,,,12,12,C++,12,1,,master,,GNU General Public License v3.0,"TORCSLink-master/ACC_Example.slx,",1,2f282375dd8976ea30f9c5feafb40df69780ff27,1857,15,1
27,28559515,Simulink-Eigen3,steffenmauch,0,https://github.com/steffenmauch/Simulink-Eigen3,"Using Eigen3 to accelerate Simulink; e.g. matrix multiplication; these s-functions can also be used with Simulink Coder; e.g. to accelearte huge matrix multiplication by using AVX2, FMA, AVX, SSE3, ... on a x86 platform",0,https://api.github.com/repos/steffenmauch/Simulink-Eigen3,2014-12-28 10:39:44.000000,2019-08-30 02:37:37.000000,2015-04-03 18:54:41.000000,,,3,3,C++,1,0,,master,,GNU General Public License v2.0,"Simulink-Eigen3-master/tbSlopesToZernike.slx,Simulink-Eigen3-master/stateSpaceEigenTest_discrete.slx,Simulink-Eigen3-master/stateSpaceEigenTest.slx,Simulink-Eigen3-master/matrixMultEigenTest.slx,",4,be36a5a52371673c7eb3bac7651538fefd113afc,1706,34,1
30,31180107,simulink-parser-py,zcold,0,https://github.com/zcold/simulink-parser-py,Simulink parser using pyparsing,0,https://api.github.com/repos/zcold/simulink-parser-py,2015-02-22 20:55:31.000000,2019-03-05 21:03:48.000000,2015-02-23 08:35:44.000000,,,2,2,Python,0,0,,master,,MIT License,"simulink-parser-py-master/testmodel.mdl,simulink-parser-py-master/testlib.mdl,",2,894b1455dbafdb9f0d687fb18160bbf3ec977a5c,1472,4,1
32,32599056,SimulinkARDroneTarget,darenlee,0,https://github.com/darenlee/SimulinkARDroneTarget,Deploy MATLAB Simulink model automatically to Parrot AR Drone with Embedded Coder C code generation,0,https://api.github.com/repos/darenlee/SimulinkARDroneTarget,2015-03-20 18:01:08.000000,2019-10-02 14:32:53.000000,2017-02-07 23:13:37.000000,,,16,16,HTML,23,0,,master,,Other,"SimulinkARDroneTarget-master/AR_Drone_Target/blocks/videolib/changeDetection.slx,SimulinkARDroneTarget-master/AR_Drone_Target/blocks/videolib/ARdrone_video_lib.slx,SimulinkARDroneTarget-master/AR_Drone_Target/blocks/videolib/AR_Drone_Video_Processing.slx,SimulinkARDroneTarget-master/AR_Drone_Target/blocks/videolib/AR_Drone_Video.slx,SimulinkARDroneTarget-master/AR_Drone_Target/blocks/New_Control_Law.slx,SimulinkARDroneTarget-master/AR_Drone_Target/blocks/Navigation_Lib.slx,SimulinkARDroneTarget-master/AR_Drone_Target/blocks/Navigation_KF_Subsystem_child.slx,SimulinkARDroneTarget-master/AR_Drone_Target/blocks/Navigation_KF_Lib.slx,SimulinkARDroneTarget-master/AR_Drone_Target/blocks/AR_Drone_Sensors.slx,SimulinkARDroneTarget-master/AR_Drone_Target/blocks/AR_Drone_Positioning.slx,SimulinkARDroneTarget-master/AR_Drone_Target/blocks/AR_Drone_Networking.slx,SimulinkARDroneTarget-master/AR_Drone_Target/blocks/AR_Drone_Actuators.slx,SimulinkARDroneTarget-master/AR_Drone_Target/blocks/AR_Drone_2_Library.slx,SimulinkARDroneTarget-master/AR_Drone_Simulations/SimMech/ARDRONE_SIM.slx,SimulinkARDroneTarget-master/AR_Drone_Simulations/SL_3D_Sim/MomentOfInertia/BifilarPendulumRelease3.0/BifilarPendulumRelease3.0/BP_example.mdl,SimulinkARDroneTarget-master/AR_Drone_Simulations/SL_3D_Sim/FullDroneSimulation_flightTunedController.slx,SimulinkARDroneTarget-master/AR_Drone_Models/PIL_Test/Parent_Model.slx,SimulinkARDroneTarget-master/AR_Drone_Models/PIL_Test/Child_Model.slx,SimulinkARDroneTarget-master/AR_Drone_Models/Hello_World/Hello_World.slx,SimulinkARDroneTarget-master/AR_Drone_Models/Flight_Models/PIDTOOL/TunedGains.slx,SimulinkARDroneTarget-master/AR_Drone_Models/Flight_Models/New_Control_Law_I_StandAlone.slx,SimulinkARDroneTarget-master/AR_Drone_Models/Flight_Models/New_Control_Law_I_3Axis.slx,SimulinkARDroneTarget-master/AR_Drone_Models/Flight_Models/Free_Flight.slx,SimulinkARDroneTarget-master/AR_Drone_Models/Flight_Models/AR_Drone_Host_Receive.slx,SimulinkARDroneTarget-master/AR_Drone_Models/Example_Models/Example_Streaming_Video_In_External_Mode.slx,SimulinkARDroneTarget-master/AR_Drone_Models/Example_Models/Example_Streaming_Bottom_Video_In_External_Mode.slx,SimulinkARDroneTarget-master/AR_Drone_Models/Example_Models/Example_Sending_UDP_Video_In_Normal_Mode.slx,SimulinkARDroneTarget-master/AR_Drone_Models/Example_Models/Example_Receiving_UDP_Video_In_Normal_Mode.slx,SimulinkARDroneTarget-master/AR_Drone_Models/Example_Models/Example_Reading_And_Logging_Sensor_Data.slx,SimulinkARDroneTarget-master/AR_Drone_Models/Example_Models/Example_Getting_Started.slx,SimulinkARDroneTarget-master/AR_Drone_Models/Demo_Models/Green_Ball_Tracking_Mounted.slx,SimulinkARDroneTarget-master/AR_Drone_Models/Calibration_Models/Calibrating_The_AR_Drone_Sensors_Model.slx,SimulinkARDroneTarget-master/AR_Drone_Models/Calibration_Models/Calibrating_The_AR_Drone_Camera_Model.slx,SimulinkARDroneTarget-master/AR_Drone_Models/Calibration/Magnetometer_calib/MeasureMag.slx,SimulinkARDroneTarget-master/AR_Drone_Models/Calibration/IMU_observe/IMU_observe.slx,SimulinkARDroneTarget-master/AR_Drone_Models/Calibration/GyrometerTemp_Offset_Calib/TempMeasure.slx,SimulinkARDroneTarget-master/AR_Drone_Models/Calibration/GyrometerTemp_Offset_Calib/TempCorrect_OfflineTest_del.slx,SimulinkARDroneTarget-master/AR_Drone_Models/Calibration/GyrometerTemp_Offset_Calib/TempCorrect_OfflineTest_Automated.slx,SimulinkARDroneTarget-master/AR_Drone_Models/Calibration/Accelerometer_calib/Record_accelerometer.slx,SimulinkARDroneTarget-master/AR_Drone_Models/Calibration/Accelerometer_calib/PlayBack_Data.slx,",40,d512bdacb9ae29a6fe0f40f90016a64df9ac51ab,1657,15,1
33,32670218,skyward-simulink-blockset,skyward-er,0,https://github.com/skyward-er/skyward-simulink-blockset,This repository contains the Simulink blockset for Sensors used on the calibration platform,0,https://api.github.com/repos/skyward-er/skyward-simulink-blockset,2015-03-22 09:59:10.000000,2018-12-12 08:54:42.000000,2015-05-30 11:16:37.000000,,,1,1,C++,0,2,,master,,Other,"skyward-simulink-blockset-master/swblockset.slx,",1,05046334fe04c273ddca5dc6d43b36b167f2b242,1361,13,1
38,35040559,Matlab,microdaq,0,https://github.com/microdaq/Matlab,"MicroDAQ software package allows using MicroDAQ device with Matlab/Simulink software. Software can be used for data acquisition and for code generation from Simulink diagram. External, PIL, Standalone application can be generated. ",0,https://api.github.com/repos/microdaq/Matlab,2015-05-04 14:49:03.000000,2019-01-15 12:34:47.000000,2019-02-04 18:06:28.000000,,,1,1,C,0,0,,master,,Other,"Matlab-master/microdaq_ert/demos/mdaqdemo_vs.slx,Matlab-master/microdaq_ert/demos/mdaqdemo_tsend.slx,Matlab-master/microdaq_ert/demos/mdaqdemo_trecv.slx,Matlab-master/microdaq_ert/demos/mdaqdemo_testanalog.slx,Matlab-master/microdaq_ert/demos/mdaqdemo_pilbuf.slx,Matlab-master/microdaq_ert/demos/mdaqdemo_pil.slx,Matlab-master/microdaq_ert/demos/mdaqdemo_mem.slx,Matlab-master/microdaq_ert/demos/mdaqdemo_led.slx,Matlab-master/microdaq_ert/demos/mdaqdemo_fft.slx,Matlab-master/microdaq_ert/demos/mdaqdemo_extbuf.slx,Matlab-master/microdaq_ert/demos/mdaqdemo_ext.slx,Matlab-master/microdaq_ert/demos/mdaqdemo_enc.slx,Matlab-master/microdaq_ert/demos/mdaqdemo_analog.slx,Matlab-master/microdaq_ert/demos/mdaqdemo_adc.slx,Matlab-master/microdaq_ert/demos/mdaq_vipstab.slx,Matlab-master/microdaq_ert/demos/mdaq_pilbuf.slx,Matlab-master/microdaq_ert/demos/mdaq_mdlref.slx,Matlab-master/microdaq_ert/demos/mdaq_fft.slx,Matlab-master/microdaq_ert/demos/mdaq_dac.slx,Matlab-master/microdaq_ert/blocks/microdaq_lib.slx,",20,c3f16e727efdd57fdf928e117a72943f849d75ab,1352,31,1
40,35530846,bibliotheque_SII,cedrick-f,0,https://github.com/cedrick-f/bibliotheque_SII,Bibliothèque de composants Matlab/Simulink/Simscape pour l'enseignement des Sciences Industrielles de l'Ingénieur,0,https://api.github.com/repos/cedrick-f/bibliotheque_SII,2015-05-13 05:53:03.000000,2020-01-01 09:54:34.000000,2020-01-01 09:54:31.000000,,,1,1,MATLAB,0,0,,master,,GNU General Public License v3.0,"bibliotheque_SII-master/Exemples/Panneau_PV_avec_charge_variable.slx,bibliotheque_SII-master/Exemples/Panneau_PV_avec_charge.slx,bibliotheque_SII-master/Exemples/Induction_electromagnetique.slx,bibliotheque_SII-master/Bibliotheque_SII/Simscape_SII_lib.slx,bibliotheque_SII-master/Bibliotheque_SII/Library_SII_2018.slx,bibliotheque_SII-master/Bibliotheque_SII/Library_SII.slx,",6,2fa22101fef510ab027146df9b4f72272e0dfb3a,1694,11,1
42,38685605,qrsim2,clausqr,0,https://github.com/clausqr/qrsim2,"Quadrotor / UAV Simulator using Matlab, Simulink and Flightgear Visualization",0,https://api.github.com/repos/clausqr/qrsim2,2015-07-07 12:17:37.000000,2020-01-17 14:33:49.000000,2016-07-28 14:13:07.000000,,,22,22,Matlab,13,2,,master,,GNU General Public License v2.0,"qrsim2-master/slToFlightgear.mdl,qrsim2-master/modelo2variable_step.mdl,qrsim2-master/modelo2a.slx,qrsim2-master/modelo2_fs_step.mdl,qrsim2-master/modelo2_fs_joy.mdl,qrsim2-master/modelo2.mdl,",6,617c327ecc7afbe210b440a9fcfad54d49c048c4,1655,10,1
46,42794568,redis-simulink,svdev,0,https://github.com/svdev/redis-simulink,Example of a C Simulink S-Function block implementing a REDIS connector to interact with a REDIS server.,0,https://api.github.com/repos/svdev/redis-simulink,2015-09-20 00:26:17.000000,2018-12-12 08:47:02.000000,2015-09-20 13:30:45.000000,,,5,5,C,2,0,,master,"simulink,matlab,redis",GNU General Public License v2.0,"redis-simulink-master/REDIS_model.slx,",1,9d1d7014f28fd36c77b22c6be8dc22a6c3fcdad7,1179,17,1
50,46337899,simulink-hackrf,kit-cel,0,https://github.com/kit-cel/simulink-hackrf,Simulink blockset and MATLAB functions to interface with HackRF devices in real-time,0,https://api.github.com/repos/kit-cel/simulink-hackrf,2015-11-17 09:50:23.000000,2019-10-11 11:48:15.000000,2017-05-04 20:05:07.000000,,,22,22,C,13,8,,master,,GNU General Public License v3.0,"simulink-hackrf-master/demos/hackrf_spectrum_scope_demo.slx,simulink-hackrf-master/demos/hackrf_simple_tx_demo.slx,simulink-hackrf-master/blockset/hackrf_library.slx,",3,0015e613c29b073b2853c2967ff9dbe19380233c,1424,12,1
51,46778395,daqbeagle,wiesener,0,https://github.com/wiesener/daqbeagle,Simulink/Matlab library and target for data aquisition via the beaglebone black in real-time,0,https://api.github.com/repos/wiesener/daqbeagle,2015-11-24 08:42:26.000000,2019-08-26 00:42:03.000000,2017-07-17 08:44:04.000000,,,2,2,Eagle,1,2,,master,,GNU General Public License v3.0,"daqbeagle-master/target/test_bbb.slx,daqbeagle-master/library/test_daqbeagle.slx,daqbeagle-master/library/daqbeagle.slx,",3,4c5245d2a5dbaae810bdd2d2daa81cf5007f998e,1371,13,1
52,47131658,wb-toolbox,robotology,0,https://github.com/robotology/wb-toolbox,Simulink toolbox to rapidly prototype robot controllers,0,https://api.github.com/repos/robotology/wb-toolbox,2015-11-30 16:33:30.000000,2020-01-24 09:01:55.000000,2020-01-24 09:41:54.000000,https://robotology.github.io/wb-toolbox/,,12,12,C++,9,23,,master,"matlab,simulink-toolbox,robot,yarp,wb-toolbox,toolbox,simulink,s-function,icub,robotics,mex,kinematics,dynamics,blockfactory,dataflow,code-generation,robot-controller,simulink-coder",Other,"wb-toolbox-master/matlab/library/exported/WBToolboxLibrary.slx,wb-toolbox-master/matlab/library/WBToolboxLibrary_repository.mdl,",2,114ac0e76068399c51150cb55c5922634d199ad3,1516,7,1
54,48991644,MatTrans,gelliravi,0,https://github.com/gelliravi/MatTrans,MATTRANS - A MATLAB(R)/Simulink Power System Transient Stability Simulation Package,0,https://api.github.com/repos/gelliravi/MatTrans,2016-01-04 11:00:15.000000,2020-01-06 08:15:27.000000,2018-03-25 04:12:21.000000,,,5,5,Matlab,4,0,,master,"simulink,matpower,power,transients,stability,matpower-github",Other,"MatTrans-master/src/transientstability/simulinkModels/transientStability_R2015B.mdl,MatTrans-master/src/transientstability/simulinkModels/transientStability_R2015A_SLX.slx,MatTrans-master/src/transientstability/simulinkModels/transientStability_R2015A_MDL.mdl,MatTrans-master/src/transientstability/simulinkModels/transientStability_R2015ASP1.slx,MatTrans-master/src/transientstability/simulinkModels/transientStability_R2015A.slx,MatTrans-master/src/transientstability/simulinkModels/transientStability_R2014B_SLX.slx,MatTrans-master/src/transientstability/simulinkModels/transientStability_R2014B_MDL.mdl,MatTrans-master/src/transientstability/simulinkModels/transientStability_R2014B.slx,MatTrans-master/src/transientstability/simulinkModels/transientStability_R2014A_SLX.slx,MatTrans-master/src/transientstability/simulinkModels/transientStability_R2014A_MDL.mdl,MatTrans-master/src/transientstability/simulinkModels/transientStability_R2014A.slx,MatTrans-master/src/transientstability/simulinkModels/transientStability_R2013B_SLX.slx,MatTrans-master/src/transientstability/simulinkModels/transientStability_R2013B_MDL.mdl,MatTrans-master/src/transientstability/simulinkModels/transientStability_R2013B.slx,MatTrans-master/src/transientstability/simulinkModels/transientStability_R2013A_SLX.slx,MatTrans-master/src/transientstability/simulinkModels/transientStability_R2013A_MDL.mdl,MatTrans-master/src/transientstability/simulinkModels/transientStability_R2013A.slx,MatTrans-master/src/transientstability/simulinkModels/transientStability_R2012B_SLX.slx,MatTrans-master/src/transientstability/simulinkModels/transientStability_R2012B_MDL.mdl,MatTrans-master/src/transientstability/simulinkModels/transientStability_R2012B.slx,MatTrans-master/src/transientstability/simulinkModels/transientStability_R2012A_SLX.slx,MatTrans-master/src/transientstability/simulinkModels/transientStability_R2012A_MDL.mdl,MatTrans-master/src/transientstability/simulinkModels/transientStability_R2012A.mdl,MatTrans-master/src/transientstability/simulinkModels/transientStability_R2011B.mdl,MatTrans-master/src/transientstability/simulinkModels/transientStability_R2011A.mdl,MatTrans-master/src/transientstability/simulinkModels/transientStability_R2010B.mdl,MatTrans-master/src/transientstability/simulinkModels/transientStability_R2010A.mdl,MatTrans-master/src/transientstability/simulinkModels/transientStability_R2009B.mdl,MatTrans-master/src/transientstability/simulinkModels/transientStability_R2009A.mdl,MatTrans-master/src/transientstability/simulinkModels/transientStability_R2008B.mdl,MatTrans-master/src/transientstability/simulinkModels/transientStability_R2008A.mdl,MatTrans-master/src/transientstability/simulinkModels/transientStability_R2007B.mdl,MatTrans-master/src/transientstability/simulinkModels/transientStability_R2007A.mdl,MatTrans-master/src/transientstability/simulinkModels/transientStability_R2006B.mdl,MatTrans-master/src/transientstability/simulinkModels/transientStability_R2006A.mdl,MatTrans-master/src/transientstability/simulinkModels/transientStability_R14SP3.mdl,MatTrans-master/src/transientstability/simulinkModels/transientStability_R14SP2.mdl,MatTrans-master/src/transientstability/simulinkModels/transientStability_R14SP1.mdl,MatTrans-master/src/transientstability/simulinkModels/transientStability_R14.mdl,MatTrans-master/src/transientstability/simulinkModels/transientStability.mdl,",40,7c5d27174a8979a678dddb0bc58595dce22afafa,1463,10,1
56,50119221,simulink-utils,cookacounty,0,https://github.com/cookacounty/simulink-utils,A Collection of useful Simulink utilities,0,https://api.github.com/repos/cookacounty/simulink-utils,2016-01-21 16:09:13.000000,2019-11-30 09:10:55.000000,2016-02-04 19:52:34.000000,,,4,4,Matlab,0,0,,master,,GNU General Public License v3.0,"simulink-utils-master/examples/system_original.slx,",1,7d3f933247434288d2481ad06070b87349fb1ad5,1409,6,1
57,52300953,MATLAB-Tutorials,Tes3awy,0,https://github.com/Tes3awy/MATLAB-Tutorials,"Image Processing MATLAB Codes, Simulink, GUI, and Standalone Applications",0,https://api.github.com/repos/Tes3awy/MATLAB-Tutorials,2016-02-22 19:51:50.000000,2019-10-27 10:39:47.000000,2018-08-10 14:38:22.000000,,,11,11,Matlab,15,0,,master,,GNU General Public License v3.0,"MATLAB-Tutorials-master/Signal Processing/am_modulation_simulink.slx,",1,281c5f9f9dd2a4dd24feb0d04bb9231ba1893722,1343,9,1
63,57055209,Modbus-Matlab-Simulator,preemptive-FP7,0,https://github.com/preemptive-FP7/Modbus-Matlab-Simulator,A Matlab/Simulink library that allows basic Modbus/TCP read and write operations,0,https://api.github.com/repos/preemptive-FP7/Modbus-Matlab-Simulator,2016-04-25 15:52:33.000000,2019-11-05 01:49:03.000000,2016-09-28 16:53:53.000000,,,4,4,Matlab,4,0,,master,,Other,"Modbus-Matlab-Simulator-master/matlab_modbus_library/modbusMatLib.slx,",1,f3438e4be2f348ad53fb5e6fd8cd636292119861,1289,11,1
64,59244003,cessna-control,donlelef,0,https://github.com/donlelef/cessna-control,A Matlab and Simulink project. The purpose is to control the altitude of a Cessna Citation 500 aircraft.,0,https://api.github.com/repos/donlelef/cessna-control,2016-05-19 21:29:27.000000,2019-09-15 13:42:31.000000,2016-06-05 22:48:22.000000,,,0,0,Matlab,1,0,,master,,MIT License,"cessna-control-master/MPC_with_block.slx,cessna-control-master/MPC_vs_LQR.slx,cessna-control-master/MPC_observer.slx,cessna-control-master/LQR_discrete.slx,cessna-control-master/Complete_schema.slx,",5,f934ec1bee384df10bf67ff1cfbcd6596e4ec5b6,1214,18,1
65,59264907,course_simulink,eruffaldi,0,https://github.com/eruffaldi/course_simulink,Examples and Exercises for the Simulink Course 2016-2017,0,https://api.github.com/repos/eruffaldi/course_simulink,2016-05-20 04:29:44.000000,2019-08-27 20:24:46.000000,2017-06-08 17:25:01.000000,http://www.eruffaldi.com/wp/introduction-to-matlab-and-simulink/,,3,3,Matlab,3,0,,master,"simulink,course",Creative Commons Zero v1.0 Universal,"course_simulink-master/solutions/exercise11NOV.slx,course_simulink-master/exercises/stateflow/sf_simpleex.mdl,course_simulink-master/exercises/stateflow/sf_heatex.mdl,course_simulink-master/examples/vision/videorotate.slx,course_simulink-master/examples/vision/loadlive.slx,course_simulink-master/examples/vision/loaddata.slx,course_simulink-master/examples/vision/fft2d.slx,course_simulink-master/examples/vision/edgedetect.slx,course_simulink-master/examples/vision/colors.slx,course_simulink-master/examples/triggered.slx,course_simulink-master/examples/switch.slx,course_simulink-master/examples/stateflow/sfun_keyboard_input_v1_2.mdl,course_simulink-master/examples/stateflow/sf_simplemat.mdl,course_simulink-master/examples/stateflow/sf_simple.mdl,course_simulink-master/examples/stateflow/sf_pwd.mdl,course_simulink-master/examples/stateflow/sf_mclock.mdl,course_simulink-master/examples/stateflow/sf_keyboard.mdl,course_simulink-master/examples/stateflow/sf_heat.mdl,course_simulink-master/examples/stateflow/sf_clock.mdl,course_simulink-master/examples/stateflow/sf_alarm.mdl,course_simulink-master/examples/ode45vdp.slx,course_simulink-master/examples/ode45alike.slx,course_simulink-master/examples/minimal.slx,course_simulink-master/examples/fromworkspace.slx,course_simulink-master/examples/freefall.slx,course_simulink-master/examples/enabledSin.slx,course_simulink-master/examples/enabled.slx,course_simulink-master/common/slowdown.slx,",28,35356cc09f24494f62034a2615c6d226c9ada025,1194,8,1
67,60685110,CompliantJointToolbox,geez0x1,0,https://github.com/geez0x1/CompliantJointToolbox,Compliant Joint Toolbox (CJT) for MATLAB and Simulink,0,https://api.github.com/repos/geez0x1/CompliantJointToolbox,2016-06-08 09:16:13.000000,2020-01-10 18:59:39.000000,2020-01-10 19:02:57.000000,,,11,11,MATLAB,7,16,,master,,GNU General Public License v3.0,"CompliantJointToolbox-master/unit_tests/simulinkBlockLibraryTest.mdl,CompliantJointToolbox-master/lib/cjt_library_observers.mdl,CompliantJointToolbox-master/lib/cjt_library_models.mdl,CompliantJointToolbox-master/lib/cjt_library_controllers_experimental.mdl,CompliantJointToolbox-master/lib/cjt_library_controllers.mdl,CompliantJointToolbox-master/lib/cjt_library.mdl,CompliantJointToolbox-master/examples/simulink/openLoop_inputFromFile.mdl,CompliantJointToolbox-master/examples/simulink/openLoop.mdl,CompliantJointToolbox-master/examples/simulink/controlBlockDevelopment_generic.mdl,CompliantJointToolbox-master/examples/simulink/Ex_14_Luenberger_Observer.mdl,CompliantJointToolbox-master/examples/simulink/Ex_13_Kalman_Estimator.mdl,CompliantJointToolbox-master/examples/simulink/Ex_12_Passivity_Based_Control_Plus_Disturbance_Observer.mdl,CompliantJointToolbox-master/examples/simulink/Ex_11_Passivity_Based_Control.mdl,CompliantJointToolbox-master/examples/simulink/Ex_10_Open_Loop_With_Disturbance_Observer.mdl,CompliantJointToolbox-master/examples/simulink/Ex_09_PD_ClosedLoopDOB.mdl,CompliantJointToolbox-master/examples/simulink/Ex_08_PD_Feedforward_ClosedLoopDOB.mdl,CompliantJointToolbox-master/examples/simulink/Ex_07_PD_OpenLoopDOB.mdl,CompliantJointToolbox-master/examples/simulink/Ex_06_PD_Feedforward_OpenLoopDOB.mdl,CompliantJointToolbox-master/examples/simulink/Ex_05_PD_Control.mdl,CompliantJointToolbox-master/examples/simulink/Ex_04_PD_Control_Plus_Feedforward.mdl,CompliantJointToolbox-master/examples/simulink/Ex_03_I_Control_Plus_Feedforward.mdl,CompliantJointToolbox-master/examples/simulink/Ex_02_Current_Control.mdl,CompliantJointToolbox-master/examples/simulink/Ex_01_Open_Loop.mdl,",23,afda657fb3f1e6d78865abd22a9e65ad7c57f007,1311,8,1
68,65560938,Matlab-Simulink-Kinect-Ball-Tracking,dghy,0,https://github.com/dghy/Matlab-Simulink-Kinect-Ball-Tracking,Real time single object tracking in MATLAB/Simulink with Kinect v1.,0,https://api.github.com/repos/dghy/Matlab-Simulink-Kinect-Ball-Tracking,2016-08-12 14:51:33.000000,2019-11-08 09:48:59.000000,2017-07-10 16:27:48.000000,,,1,1,,0,1,,master,,MIT License,"Matlab-Simulink-Kinect-Ball-Tracking-master/Kinct_object_tracking.mdl,",1,ba4531e2b41f09212a1d84549fff9cfc9eb9ed34,1183,10,1
70,68183223,cbc_simulink,lrenson,0,https://github.com/lrenson/cbc_simulink,Interface between Matlab Simulink simulations and control-based continuation algorithms,0,https://api.github.com/repos/lrenson/cbc_simulink,2016-09-14 07:20:48.000000,2019-09-01 06:36:25.000000,2016-09-14 07:31:53.000000,,,1,1,Matlab,0,0,,master,,MIT License,"cbc_simulink-master/DuffingExample/cbc_Duffing.slx,",1,f23373662077e82ee20f0fbc620e53d22d91ee80,1082,9,1
71,68744081,mbed_target,ATM-HSW,0,https://github.com/ATM-HSW/mbed_target,Mbed OS 5 Simulink and Embedded Coder Target,0,https://api.github.com/repos/ATM-HSW/mbed_target,2016-09-20 19:03:36.000000,2020-01-28 16:24:39.000000,2019-10-15 16:13:39.000000,,,13,13,HTML,4,1,,master,,Apache License 2.0,"mbed_target-master/examples/serial/serial_other_TLC5952.slx,mbed_target-master/examples/serial/serial_i2c_severals_DS3231.slx,mbed_target-master/examples/serial/serial_i2c_sensors_MPU9250.slx,mbed_target-master/examples/serial/serial_i2c_PCF8474Read.slx,mbed_target-master/examples/serial/UARTReadLine2.slx,mbed_target-master/examples/serial/UARTReadLine1.slx,mbed_target-master/examples/serial/UARTReadByteWriteByteTriggered.slx,mbed_target-master/examples/serial/UARTReadByteWriteByte.slx,mbed_target-master/examples/serial/UARTReadBlock4BWriteASCIITriggered.slx,mbed_target-master/examples/serial/UARTReadBlock4BWrite4BTriggered.slx,mbed_target-master/examples/serial/SPISlave_Slave.slx,mbed_target-master/examples/serial/SPISlave_Master.slx,mbed_target-master/examples/serial/SPIMaster_read.slx,mbed_target-master/examples/serial/SPIMaster_TMP123.slx,mbed_target-master/examples/serial/CANsend2.slx,mbed_target-master/examples/serial/CANsend.slx,mbed_target-master/examples/serial/CANreceive_filtered.slx,mbed_target-master/examples/serial/CANreceive.slx,mbed_target-master/examples/network/UDPSendReceive.slx,mbed_target-master/examples/network/UDPSendBlockReceiveBlock.slx,mbed_target-master/examples/network/UDPSend.slx,mbed_target-master/examples/network/MQTT_pubsub.slx,mbed_target-master/examples/network/COAP_Client_GetPut.slx,mbed_target-master/examples/general/pushbutton_grt.slx,mbed_target-master/examples/general/pushbutton.slx,mbed_target-master/examples/general/encoder.slx,mbed_target-master/examples/general/blinky_grt.slx,mbed_target-master/examples/general/blinky.slx,mbed_target-master/examples/general/analogInOut.slx,mbed_target-master/examples/general/VL53L0X_Interrupt.slx,mbed_target-master/examples/general/RuntimeDAC2.slx,mbed_target-master/examples/general/RuntimeDAC1.slx,mbed_target-master/examples/general/RuntTimeGPIO.slx,mbed_target-master/examples/general/RTOS_wait_blinky.slx,mbed_target-master/examples/general/RTOS_Timer_blinky.slx,mbed_target-master/examples/general/RTOS_Thread_blinky.slx,mbed_target-master/examples/general/RTOS_Mail_blocking_Blinky.slx,mbed_target-master/examples/general/RTOS_Mail_blinky.slx,mbed_target-master/examples/general/Interrupt_push_button.slx,mbed_target-master/examples/general/DataloggerSerial.slx,mbed_target-master/examples/general/DACPCScope.slx,mbed_target-master/examples/general/CSVReadWriteSerial.slx,mbed_target-master/examples/general/2xDAC.slx,mbed_target-master/examples/ToDo/ram_test.slx,mbed_target-master/examples/ToDo/nucleo_f303_counter.slx,mbed_target-master/examples/ToDo/mbed_flash_constants.slx,mbed_target-master/examples/ToDo/mbed_DataloggerSdCard.slx,mbed_target-master/examples/ToDo/disco_f407_servoOut.slx,mbed_target-master/examples/ToDo/disco_f407_encoderInput.slx,mbed_target-master/examples/ToDo/disco_f407_display.slx,mbed_target-master/examples/ToDo/disco_f407_counter_interrupt.slx,mbed_target-master/examples/ToDo/Motor/X_Nucleo_IHM03A1.slx,mbed_target-master/examples/ToDo/Motor/PowerStep01_2Motors.slx,mbed_target-master/examples/ToDo/Motor/PowerStep01/get_Max_Speed_Bsp.slx,mbed_target-master/examples/ToDo/Motor/PowerStep01/get_Analog.slx,mbed_target-master/examples/ToDo/Motor/PowerStep01/Step_Clock_Mode_BSP.slx,mbed_target-master/examples/ToDo/Motor/PowerStep01/SoftStop_Bsp.slx,mbed_target-master/examples/ToDo/Motor/PowerStep01/SoftHiZ_Bsp.slx,mbed_target-master/examples/ToDo/Motor/PowerStep01/Set_ACC_DEC_Spee_BSP.slx,mbed_target-master/examples/ToDo/Motor/PowerStep01/SetMark_Bsp.slx,mbed_target-master/examples/ToDo/Motor/PowerStep01/SetHome_Bsp.slx,mbed_target-master/examples/ToDo/Motor/PowerStep01/Run_Bsp.slx,mbed_target-master/examples/ToDo/Motor/PowerStep01/Release_SW_Bsp.slx,mbed_target-master/examples/ToDo/Motor/PowerStep01/Rasterung_Current_Voltage.slx,mbed_target-master/examples/ToDo/Motor/PowerStep01/Rasterung.slx,mbed_target-master/examples/ToDo/Motor/PowerStep01/Move_Bsp.slx,mbed_target-master/examples/ToDo/Motor/PowerStep01/HardStop_Bsp.slx,mbed_target-master/examples/ToDo/Motor/PowerStep01/HardHiZ_Bsp.slx,mbed_target-master/examples/ToDo/Motor/PowerStep01/Goto_Bsp.slx,mbed_target-master/examples/ToDo/Motor/PowerStep01/GoHome_GoMark_BSP.slx,mbed_target-master/examples/ToDo/Motor/PowerStep01/Get_StatusREG.slx,mbed_target-master/examples/Applications_Boards_etc/Testboards/spi_peripherals.slx,mbed_target-master/examples/Applications_Boards_etc/Testboards/i2c_peripherals.slx,mbed_target-master/examples/Applications_Boards_etc/Testboards/MAX11300_II.slx,mbed_target-master/examples/Applications_Boards_etc/Testboards/MAX11300_I.slx,mbed_target-master/examples/Applications_Boards_etc/Tankmodell_Schlosser_Lack_oh.slx,mbed_target-master/examples/Applications_Boards_etc/Tankmodell_Schlosser_Lack.slx,mbed_target-master/examples/Applications_Boards_etc/PeltierExample.slx,mbed_target-master/examples/Applications_Boards_etc/LevitatingBall/twopointcontrol.slx,mbed_target-master/examples/Applications_Boards_etc/ControlSystemsLab_Peltier.slx,mbed_target-master/examples/Applications_Boards_etc/AppShield_CR12832_LM75B/thingspeak.slx,mbed_target-master/examples/Applications_Boards_etc/AppShield_CR12832_LM75B/nucleo_f446_lm75b.slx,mbed_target-master/examples/Applications_Boards_etc/AppShield_CR12832_LM75B/nucleo_f446_AppShield.slx,mbed_target-master/examples/Applications_Boards_etc/AppShield_CR12832_LM75B/DreiPunktregler.slx,mbed_target-master/blocks/slx/thingspeak.slx,mbed_target-master/blocks/slx/mbed_targets_stm_stamp_f446.slx,mbed_target-master/blocks/slx/mbed_targets_stm_nucleo_f446.slx,mbed_target-master/blocks/slx/mbed_targets_stm_nucleo_f303.slx,mbed_target-master/blocks/slx/mbed_targets_stm_disco_f746.slx,mbed_target-master/blocks/slx/mbed_targets_stm_disco_f429.slx,mbed_target-master/blocks/slx/mbed_targets_stm_disco_f407.slx,mbed_target-master/blocks/slx/mbed_targets_stm_arch_max.slx,mbed_target-master/blocks/slx/mbed_targets_stm.slx,mbed_target-master/blocks/slx/mbed_targets.slx,mbed_target-master/blocks/slx/mbed_spi_several.slx,mbed_target-master/blocks/slx/mbed_spi_sensors.slx,mbed_target-master/blocks/slx/mbed_spi_motor_powerSTEP01.slx,mbed_target-master/blocks/slx/mbed_spi_motor.slx,mbed_target-master/blocks/slx/mbed_spi_max11300.slx,mbed_target-master/blocks/slx/mbed_spi_analog_io.slx,mbed_target-master/blocks/slx/mbed_serial_several.slx,mbed_target-master/blocks/slx/mbed_network.slx,mbed_target-master/blocks/slx/mbed_lib.slx,mbed_target-master/blocks/slx/mbed_i2c_several.slx,mbed_target-master/blocks/slx/mbed_i2c_sensors.slx,mbed_target-master/blocks/slx/mbed_i2c_digital_io.slx,mbed_target-master/blocks/slx/mbed_i2c_analog_io.slx,mbed_target-master/blocks/slx/mbed_ethernet_udp.slx,mbed_target-master/blocks/slx/mbed_ethernet_tcp.slx,mbed_target-master/blocks/slx/mbed_ethernet_mqtt.slx,mbed_target-master/blocks/slx/mbed_ethernet_coap.slx,mbed_target-master/blocks/slx/mbed_ethernet.slx,mbed_target-master/blocks/slx/coap.slx,mbed_target-master/blocks/slx/LCDScope.slx,mbed_target-master/blocks/slx/BTN_lib.slx,mbed_target-master/blocks/MQTT_Client.slx,",116,dd7af2f2903fdc633ccd6028e6ae4f7b3cdd54c8,1225,8,1
74,74554478,kinect2-SDK-for-Simulink,alesgraz,0,https://github.com/alesgraz/kinect2-SDK-for-Simulink,A collection of s-functions that allow to interface kinect2 SDK body tracking system with Matlab Simulink,0,https://api.github.com/repos/alesgraz/kinect2-SDK-for-Simulink,2016-11-23 08:05:25.000000,2019-12-14 01:38:20.000000,2016-11-23 11:47:52.000000,,,1,1,C++,0,0,,master,,GNU General Public License v3.0,"kinect2-SDK-for-Simulink-master/trialkinect2.slx,",1,1b93465615882f6da05681b13c182665a563287c,1116,16,1
